Authenticator.java,src/main/java/jnode/net,0.2.7/core/src/classpath/java/java/net
DatagramPacket.java,src/main/java/jnode/net,0.2.7/core/src/classpath/java/java/net
DatagramSocket.java,src/main/java/jnode/net,0.2.7/core/src/classpath/java/java/net
DatagramSocketImpl.java,src/main/java/jnode/net,0.2.7/core/src/classpath/java/java/net
DatagramSocketImplFactory.java,src/main/java/jnode/net,0.2.7/core/src/openjdk/java/java/net
ExSocketOptions.java,src/main/java/jnode/net,0.2.7/core/src/classpath/vm/java/net
Inet4Address.java,src/main/java/jnode/net,0.2.7/core/src/classpath/java/java/net
Inet6Address.java,src/main/java/jnode/net,0.2.7/core/src/classpath/java/java/net
InetAddress.java,src/main/java/jnode/net,0.2.7/core/src/classpath/java/java/net
InetSocketAddress.java,src/main/java/jnode/net,0.2.7/core/src/classpath/java/java/net
MulticastSocket.java,src/main/java/jnode/net,0.2.7/core/src/classpath/java/java/net
NetPermission.java,src/main/java/jnode/net,0.2.7/core/src/classpath/java/java/net
NetworkInterface.java,src/main/java/jnode/net,0.2.7/core/src/classpath/java/java/net
PasswordAuthentication.java,src/main/java/jnode/net,0.2.7/core/src/classpath/java/java/net
PlainDatagramSocketImpl.java,src/main/java/jnode/net,0.2.7/core/src/classpath/gnu/gnu/java/net
PlainDatagramSocketImplFactory.java,src/main/java/jnode/net,0.2.7/core/src/classpath/gnu/gnu/java/net
Proxy.java,src/main/java/jnode/net,0.2.7/core/src/classpath/java/java/net
ResolverCache.java,src/main/java/jnode/net,0.2.7/core/src/classpath/java/java/net
ServerSocket.java,src/main/java/jnode/net,0.2.7/core/src/classpath/java/java/net
Socket.java,src/main/java/jnode/net,0.2.7/core/src/classpath/java/java/net
SocketAddress.java,src/main/java/jnode/net,0.2.7/core/src/classpath/java/java/net
SocketImpl.java,src/main/java/jnode/net,0.2.7/core/src/classpath/java/java/net
SocketImplFactory.java,src/main/java/jnode/net,0.2.7/core/src/openjdk/java/java/net
URI.java,src/main/java/jnode/net,0.2.7/core/src/classpath/java/java/net
VMInetAddress.java,src/main/java/jnode/net,0.2.7/core/src/classpath/vm/java/net
VMNetAPI.java,src/main/java/jnode/net,0.2.7/core/src/classpath/vm/java/net
VMNetDevice.java,src/main/java/jnode/net,0.2.7/core/src/classpath/vm/java/net
VMNetUtils.java,src/main/java/jnode/net,0.2.7/core/src/classpath/vm/java/net
VMNetworkInterface.java,src/main/java/jnode/net,0.2.7/core/src/classpath/vm/java/net
LayerAlreadyRegisteredException.java,src/main/java/org/jnode/net,0.2.7/net/src/net/org/jnode/net
NoSuchProtocolException.java,src/main/java/org/jnode/net,0.2.7/net/src/net/org/jnode/net
SocketBuffer.java,src/main/java/org/jnode/net,0.2.7/net/src/net/org/jnode/net
InvalidLayerException.java,src/main/java/org/jnode/net,0.2.7/net/src/net/org/jnode/net
TransportLayerHeader.java,src/main/java/org/jnode/net,0.2.7/net/src/net/org/jnode/net
LinkLayerHeader.java,src/main/java/org/jnode/net,0.2.7/net/src/net/org/jnode/net
NetworkLayerManager.java,src/main/java/org/jnode/net,0.2.7/net/src/net/org/jnode/net
ProtocolAddressInfo.java,src/main/java/org/jnode/net,0.2.7/net/src/net/org/jnode/net
HardwareAddress.java,src/main/java/org/jnode/net,0.2.7/net/src/net/org/jnode/net
TransportLayer.java,src/main/java/org/jnode/net,0.2.7/net/src/net/org/jnode/net
NetUtils.java,src/main/java/org/jnode/net/util,0.2.7/net/src/net/org/jnode/net/util
NetworkLayer.java,src/main/java/org/jnode/net,0.2.7/net/src/net/org/jnode/net
ProtocolAddress.java,src/main/java/org/jnode/net,0.2.7/net/src/net/org/jnode/net
Resolver.java,src/main/java/org/jnode/net,0.2.7/net/src/net/org/jnode/net
LayerHeader.java,src/main/java/org/jnode/net,0.2.7/net/src/net/org/jnode/net
NetworkLayerHeader.java,src/main/java/org/jnode/net,0.2.7/net/src/net/org/jnode/net
DeviceNotFoundException.java,src/main/java/org/jnode/driver,0.2.7/core/src/driver/org/jnode/driver
DeviceException.java,src/main/java/org/jnode/driver,0.2.7/core/src/driver/org/jnode/driver
DeviceToDriverMapper.java,src/main/java/org/jnode/driver,0.2.7/core/src/driver/org/jnode/driver
DeviceAlreadyRegisteredException.java,src/main/java/org/jnode/driver,0.2.7/core/src/driver/org/jnode/driver
Driver.java,src/main/java/org/jnode/driver,0.2.7/core/src/driver/org/jnode/driver
DeviceInfoAPI.java,src/main/java/org/jnode/driver,0.2.7/core/src/driver/org/jnode/driver
DeviceFinder.java,src/main/java/org/jnode/driver,0.2.7/core/src/driver/org/jnode/driver
AbstractDeviceManager.java,src/main/java/org/jnode/driver,0.2.7/core/src/driver/org/jnode/driver
DeviceAPI.java,src/main/java/org/jnode/driver,0.2.7/core/src/driver/org/jnode/driver
ApiNotFoundException.java,src/main/java/org/jnode/driver,0.2.7/core/src/driver/org/jnode/driver
DriverException.java,src/main/java/org/jnode/driver,0.2.7/core/src/driver/org/jnode/driver
DeviceManagerListener.java,src/main/java/org/jnode/driver,0.2.7/core/src/driver/org/jnode/driver
DeviceManager.java,src/main/java/org/jnode/driver,0.2.7/core/src/driver/org/jnode/driver
DeviceListener.java,src/main/java/org/jnode/driver,0.2.7/core/src/driver/org/jnode/driver
Device.java,src/main/java/org/jnode/driver,0.2.7/core/src/driver/org/jnode/driver
Bus.java,src/main/java/org/jnode/driver,0.2.7/core/src/driver/org/jnode/driver
DeviceUtils.java,src/main/java/org/jnode/driver,0.2.7/core/src/driver/org/jnode/driver
NetDeviceAPI.java,src/main/java/org/jnode/driver/net,0.2.7/net/src/driver/org/jnode/driver/net
NetworkException.java,src/main/java/org/jnode/driver/net,0.2.7/net/src/driver/org/jnode/driver/net
NetDeviceEvent.java,src/main/java/org/jnode/driver/net,0.2.7/net/src/driver/org/jnode/driver/net
AbstractNetDriver.java,src/main/java/org/jnode/driver/net/spi,0.2.7/net/src/driver/org/jnode/driver/net/spi
AbstractDeviceCore.java,src/main/java/org/jnode/driver/net/spi,0.2.7/net/src/driver/org/jnode/driver/net/spi
NetDeviceEventProcessor.java,src/main/java/org/jnode/driver/net/spi,0.2.7/net/src/driver/org/jnode/driver/net/spi
NetDeviceListener.java,src/main/java/org/jnode/driver/net,0.2.7/net/src/driver/org/jnode/driver/net
ResourceOwner.java,src/main/java/org/jnode/system,0.2.7/core/src/core/org/jnode/system
SimpleResourceOwner.java,src/main/java/org/jnode/system,0.2.7/core/src/core/org/jnode/system
QueueProcessorThread.java,src/main/java/org/jnode/util,0.2.7/core/src/core/org/jnode/util
TimeoutException.java,src/main/java/org/jnode/util,0.2.7/core/src/core/org/jnode/util
Statistic.java,src/main/java/org/jnode/util,0.2.7/core/src/core/org/jnode/util
BinaryScaleFactor.java,src/main/java/org/jnode/util,0.2.7/core/src/core/org/jnode/util
StopWatch.java,src/main/java/org/jnode/util,0.2.7/core/src/core/org/jnode/util
NumberUtils.java,src/main/java/org/jnode/util,0.2.7/core/src/core/org/jnode/util
DecimalScaleFactor.java,src/main/java/org/jnode/util,0.2.7/core/src/core/org/jnode/util
ScaleFactor.java,src/main/java/org/jnode/util,0.2.7/core/src/core/org/jnode/util
QueueProcessor.java,src/main/java/org/jnode/util,0.2.7/core/src/core/org/jnode/util
SizeUnit.java,src/main/java/org/jnode/util,0.2.7/core/src/core/org/jnode/util
Queue.java,src/main/java/org/jnode/util,0.2.7/core/src/core/org/jnode/util
Counter.java,src/main/java/org/jnode/util,0.2.7/core/src/core/org/jnode/util
Statistics.java,src/main/java/org/jnode/util,0.2.7/core/src/core/org/jnode/util
